Price,Close,High,Low,Open,Volume
Ticker,ANURAS.NS,ANURAS.NS,ANURAS.NS,ANURAS.NS,ANURAS.NS
Date,,,,,
2021-03-24,523.190673828125,545.1889397108819,498.80888765974083,516.4372754267102,16135816
2021-03-25,491.3603515625,515.2455672411801,487.6360436931531,507.9955933789161,2119014
2021-03-26,492.3038330078125,506.5058475913893,487.63602189680813,498.56065782524985,925705
2021-03-30,477.00933837890625,500.9939052337194,471.7456620624495,493.5949348316577,529986
2021-03-31,485.7987060546875,494.0915041968767,470.7525085212453,474.62578259294907,527647
2021-04-01,513.4082641601562,516.2387138824188,489.47337295659463,491.7079576690092,695372
2021-04-05,537.2438354492188,554.2763003638715,512.0178326231163,521.4031005565319,1583749
2021-04-06,548.3174438476562,557.0572020301324,541.7626858277931,541.7626858277931,918972
2021-04-07,553.5811767578125,559.8876475207836,541.4151037074718,554.9219034186037,758597
2021-04-08,548.8636474609375,558.5468471828915,544.8413467751528,556.9081275985359,386096
2021-04-09,551.4458618164062,554.9715278730139,545.3379725535433,551.3962165006494,229741
2021-04-12,549.8568115234375,581.9851482779962,512.8123158783644,544.2454970244743,1187225
2021-04-13,576.423583984375,580.9920441876004,548.1188433701074,555.269466189592,659160
2021-04-15,590.6256103515625,596.8327904237434,560.3345715993194,577.9133176871344,671215
2021-04-16,575.9766235351562,602.841284812376,569.4218054849604,589.9303512002493,465893
2021-04-19,548.2677001953125,565.4988656457118,546.231757585889,563.1152846385438,206642
2021-04-20,552.7369384765625,566.7403725710574,545.040035472071,559.142760197247,205041
2021-04-22,550.6017456054688,557.0572131177908,545.2387175792031,557.0572131177908,202740
2021-04-23,585.9577026367188,595.8395438130566,550.3533478334672,555.1700945320775,946298
2021-04-26,598.4218139648438,605.721494218118,587.0999537000621,595.094789639082,784396
2021-04-27,625.2863159179688,632.6356395885517,599.0672300194935,605.82062817742,1399747
2021-04-28,635.6151733398438,657.9610192775726,630.6494297981262,635.6151733398438,1017198
2021-04-29,627.8687133789062,653.491941515539,617.7385830131691,649.5193461263868,494639
2021-04-30,619.9730224609375,635.5654678284453,614.1134213899248,619.7247353073689,396130
2021-05-03,625.2368774414062,637.1050189116401,607.8071263817985,620.1221969801244,396478
2021-05-04,632.1887817382812,642.4182010448981,618.7316292134562,630.6990587144928,427112
2021-05-05,678.1714477539062,684.2793354447973,628.7126632079967,638.2469254421444,1272598
2021-05-06,699.077392578125,711.8889744086355,671.8650940135603,685.1733108099212,1124629
2021-05-07,716.1594848632812,721.0259376146366,697.240014739352,705.0362682035852,580306
2021-05-10,731.1065063476562,746.7485997974811,720.2315149686655,722.2178125495956,807643
2021-05-11,724.8992919921875,733.9369213095557,709.1578480404564,726.8855894788169,615711
2021-05-12,723.5089111328125,736.7177782380568,705.6818777948167,724.998634354088,473991
2021-05-14,729.4181518554688,738.7040689341463,713.1304872089087,727.978073965018,562187
2021-05-17,750.67138671875,758.8152178140557,730.0635521251996,731.3546938704304,417606
2021-05-18,762.4899291992188,770.5344095782965,754.7930266250814,758.7656215020555,519560
2021-05-19,766.2142333984375,793.4761777406128,760.7519154675349,774.6559974734689,522542
2021-05-20,766.2638549804688,784.5874603227969,761.0001790789154,784.5874603227969,309875
2021-05-21,764.1287841796875,774.65613822154,757.9712489063218,774.65613822154,314708
2021-05-24,763.0361938476562,767.1081402067631,746.8975262086745,767.0087889587902,287173
2021-05-25,756.8291015625,768.6972429537251,753.800009563149,768.6972429537251,131738
2021-05-26,767.1080932617188,777.5858001027276,756.7793223580684,760.7519172260897,303709
2021-05-27,762.0926513671875,768.6474693351547,758.7656273787486,768.6474693351547,94218
2021-05-28,756.2826538085938,766.313430354273,749.9264785645925,765.7175654450765,96321
2021-05-31,749.08251953125,765.6681174367795,740.8890415251078,754.7434800952565,111701
2021-06-01,721.9198608398438,749.7280262334403,715.4643938734731,749.7280262334403,235935
2021-06-02,728.722900390625,732.2485663542959,718.6424162610832,719.0397000106474,95426
2021-06-03,769.6405639648438,778.4795506430941,734.8307156558993,734.8307156558993,447534
2021-06-04,763.9796142578125,783.3956586293656,758.8152290513599,777.1388341329065,136135
2021-06-07,767.6046142578125,784.5874318911958,762.738161635998,784.5874318911958,140131
2021-06-08,755.6868896484375,773.5635667114282,752.8563794099381,766.7108162571533,116016
2021-06-09,744.5139770507812,763.2348065495406,736.4694358880686,761.6954381262216,119709
2021-06-10,763.4334716796875,768.3992155300601,742.974570645958,750.820470176343,97603
2021-06-11,772.3220825195312,787.6661808790449,749.8272410414929,769.4419271482075,203478
2021-06-14,752.111572265625,802.4642284251036,747.9403351924922,786.0772732654325,520041
2021-06-15,756.1338500976562,781.6081422592572,752.3102512851174,762.738314174218,233190
2021-06-16,747.8410034179688,758.6663489625807,742.875259703374,758.6663489625807,114806
2021-06-17,736.0224609375,747.8409544511852,732.9437242828349,747.8409544511852,105781
2021-06-18,728.1766357421875,743.6200858354736,697.2400296272463,741.3855012703586,147697
2021-06-21,719.23828125,730.0139201073537,695.2040712353247,712.0875986796111,121986
2021-06-22,727.9284057617188,739.2006200957193,721.224651539659,724.9986047560872,113716
2021-06-23,738.85302734375,745.8547139330391,723.6081576062167,734.6321451410664,233522
2021-06-24,739.250244140625,744.8615587970247,725.4951582683021,743.7194134934072,168748
2021-06-25,740.1439819335938,743.073782378632,723.6080337697349,734.9299518696536,162493
2021-06-28,738.9026489257812,742.5276660066879,727.9780129873624,741.8820950908046,85557
2021-06-29,749.479736328125,768.6971405962349,734.1852211702412,737.8102383927171,301183
2021-06-30,754.7930297851562,758.7159793659897,745.1098297319915,754.4454519787607,298875
2021-07-01,749.5293579101562,764.7245213406708,739.8958031153243,759.7587776956015,127782
2021-07-02,752.7570190429688,771.5771977751466,747.7912758744249,754.4950291519591,273681
2021-07-05,759.4608764648438,769.094431656258,750.8701153584249,754.6937744927286,166756
2021-07-06,758.5670166015625,765.816990481951,752.8067658726369,762.5892569871146,193888
2021-07-07,763.6321411132812,769.6406792656562,747.3444764495115,759.6595458896294,104741
2021-07-08,777.73486328125,783.2965333765882,765.4694988663563,765.4694988663563,193234
2021-07-09,806.8836059570312,816.0702306637346,768.3494517431205,769.9384652834335,757161
2021-07-12,823.9161376953125,842.2397433430972,816.6661643049954,817.3613805187488,326405
2021-07-13,819.6952514648438,831.0668161500611,812.4949234235166,827.2928632311074,132332
2021-07-14,811.352783203125,826.2500126127534,804.1524556551379,823.3202120387969,109017
2021-07-15,809.4658813476562,825.3066161271652,803.5566341268376,815.2758379396838,191645
2021-07-16,808.7706298828125,816.3682417812207,802.4641598044117,814.0840118655709,203191
2021-07-19,793.9727783203125,808.423080473186,786.1268789681875,808.423080473186,143120
2021-07-20,775.8477783203125,796.8031916909717,769.6902442429714,793.5258130969473,104236
2021-07-22,773.3152465820312,784.5874598919122,771.7758176291616,779.125142133171,39808
2021-07-23,761.0499267578125,779.5721764517383,757.2759733745576,774.5567870465579,79481
2021-07-26,747.1458129882812,766.5122141443064,739.0019808915802,764.62526783776,66411
2021-07-27,725.8426513671875,754.4950256883424,720.0327561334551,747.1457015858426,154048
2021-07-28,712.7828979492188,729.8650692424709,700.5174740355532,729.8650692424709,141603
2021-07-29,723.6082153320312,754.7931129287813,715.663024669623,719.9336131442628,101826
2021-07-30,721.4232788085938,736.568797299876,713.3290922205554,725.0482353887726,206654
2021-08-02,718.4934692382812,734.9300687884634,716.1595333253139,724.8992907450379,182554
2021-08-03,715.4644165039062,748.6851952188084,712.6339060666195,723.9558265817825,291862
2021-08-04,707.86669921875,723.5087904326333,705.1355404353735,719.9334795448245,374128
2021-08-05,706.9728393554688,720.4300520013492,701.4608764939773,712.8820859221237,324838
2021-08-06,707.5192260742188,740.1937850719661,704.1424959231362,709.8034561801902,575925
2021-08-09,704.7384033203125,717.8479803308112,695.204198558311,714.967885021267,242247
2021-08-10,701.7092895507812,715.0175080406386,697.6870489365388,705.8308814176308,176561
2021-08-11,711.0449829101562,715.1168692440194,676.3840612816149,709.1083303886361,168535
2021-08-12,731.25537109375,742.9248682454564,710.1013160400112,710.1013160400112,197250
2021-08-13,748.983154296875,762.241665866785,742.8752652356419,742.8752652356419,209109
2021-08-16,755.5875854492188,764.2776373403339,733.2913830451879,750.8204833923481,145766
2021-08-17,743.9677124023438,754.7930581408973,735.5259479362943,754.7930581408973,66444
2021-08-18,732.0996704101562,748.6355617461531,727.1835716714031,748.6355617461531,57151
2021-08-20,725.0482177734375,733.6886238425956,719.0396800839786,725.991721189763,81694
2021-08-23,714.719482421875,727.9779932499606,706.4762997618817,723.5088241235966,369524
2021-08-24,714.3718872070312,732.9437810452616,710.1013596847724,720.0328472328113,176334
2021-08-25,723.0619506835938,728.8719073647844,715.5636895851077,717.5499871273287,277653
2021-08-26,733.142333984375,740.2433103496314,719.883763345906,723.0122057908322,62271
2021-08-27,731.851318359375,736.2707816839435,720.032824306718,732.447183346489,91773
2021-08-30,749.72802734375,786.2758897917759,725.2468860266931,725.2468860266931,359303
2021-08-31,756.382080078125,761.0002461120941,740.0448312816111,754.59442441294,97745
2021-09-01,763.582275390625,764.7244205252143,748.1388268138039,759.6593869217743,81664
2021-09-02,756.1338500976562,779.6218445660952,752.3598966040474,763.4335304902237,119229
2021-09-03,749.5293579101562,761.695429840576,744.8615467603936,761.3477914152285,102645
2021-09-06,744.8119506835938,755.9848746235926,740.8890008212624,753.7999351519278,37628
2021-09-07,739.5482177734375,744.8615391727415,734.085899819504,744.8615391727415,57061
2021-09-08,737.810302734375,749.8273795371122,732.1493421826825,739.7966004285131,51395
2021-09-09,746.251953125,754.6937170263371,731.20572615994,742.2793583479001,61193
2021-09-13,737.0156860351562,748.8341807742788,731.2057899138764,748.8341807742788,128580
2021-09-14,733.0927734375,744.5636293668729,726.1903775074567,739.8958181224342,51090
2021-09-15,736.0244750976562,744.3726033233916,733.4902413835107,738.4096719216021,57305
2021-09-16,738.509033203125,743.6769192397663,728.521135191372,740.2979611582482,48097
2021-09-17,756.2984008789062,760.0749116426141,738.5089661350838,740.2978939277447,195906
2021-09-20,750.1864624023438,785.1193276356944,746.4099511858382,755.2053116940715,237482
2021-09-21,751.925537109375,761.3171650947701,735.5274776821374,750.236088603932,78060
2021-09-22,751.7765502929688,765.143466302262,749.441032551468,755.2052478058465,44130
2021-09-23,740.2979736328125,764.9944241203326,737.4158657970598,755.2053024562032,74789
2021-09-24,754.1617431640625,762.2614161121879,741.3911556971215,741.3911556971215,109732
2021-09-27,792.8212890625,807.2317042193865,744.4221584384474,758.2859837727202,456158
2021-09-28,804.1012573242188,836.3011104385585,796.0513243746707,804.7472658082266,755669
2021-09-29,806.3373413085938,823.8783213890936,796.100988289053,801.0204186243781,175340
2021-09-30,798.9830932617188,816.8222077085088,797.7408159417205,813.4431891348845,82886
2021-10-01,776.522705078125,797.9892941750534,775.1810697974744,795.1071864471921,75384
2021-10-04,780.9451904296875,789.2933181562845,772.6468023215915,780.1501450886001,64246
2021-10-05,782.088134765625,793.3183097942674,780.1501699824615,784.5726894470978,60751
2021-10-06,768.5225830078125,789.4922647633796,766.534938897792,788.0015316808642,54932
2021-10-07,772.4480590820312,782.8335098979911,769.2181379601058,775.181069262122,61834
2021-10-08,779.3551025390625,792.2251075561352,760.373068915474,775.181038660813,96063
2021-10-11,784.3242797851562,791.976720782626,771.4542736518767,782.1378594061539,89878
2021-10-12,785.8150024414062,790.0884245558162,769.0193877693793,780.0508474504759,215985
2021-10-13,799.1819458007812,815.6296869508251,777.1687653327913,789.989092758162,100612
2021-10-14,808.2753295898438,819.65460234203,805.2938639250652,807.9771951549808,299081
2021-10-18,833.120849609375,845.7423993100107,803.8527838236126,813.9400999235004,301307
2021-10-19,808.4741821289062,839.4814400901743,800.1260532192296,836.7981086079153,145928
2021-10-20,787.8026123046875,811.0083288186011,776.0755263133776,807.9771842320023,96077
2021-10-21,801.8154296875,810.4616916255421,785.119235296356,789.988986462055,78311
2021-10-22,797.3930053710938,810.0642350437274,788.0511155759199,804.9957674379048,38762
2021-10-25,800.0762939453125,803.7534470402023,760.273739704179,803.7534470402023,77552
2021-10-26,808.2256469726562,819.9030541069061,789.1939336353088,803.008082082885,94213
2021-10-27,808.970947265625,813.8903773198,799.9768720842733,812.8468765587494,37692
2021-10-28,806.0889282226562,816.7725137721857,797.0451730904709,813.9401455874012,37711
2021-10-29,797.8897705078125,813.940016089532,785.4669985894741,813.940016089532,40888
2021-11-01,800.275146484375,814.9340206360603,797.0452250611223,803.008156919435,27241
2021-11-02,804.3497314453125,809.0207065124068,791.92695768074,807.9772056477977,38526
2021-11-03,795.7034912109375,809.8654526222969,788.9951937002936,804.9957012772672,66236
2021-11-04,800.0762939453125,809.9648338024914,796.0513274549639,800.9707579023117,12714
2021-11-08,809.2692260742188,869.5942323837718,795.0575838937342,809.9649135917417,406990
2021-11-09,820.8472900390625,828.2512760436861,815.1824925280984,815.9278590253809,89949
2021-11-10,822.9838256835938,844.7485478261062,817.8656797004306,820.8968241227808,245746
2021-11-11,821.0459594726562,833.8165461970699,816.0271105191475,824.8721493963861,63391
2021-11-12,815.2817993164062,829.9904124664781,809.9648762325888,821.0460150602287,89284
2021-11-15,822.0397338867188,827.8038882494725,809.9647746396,819.9029927333374,68332
2021-11-16,818.0147705078125,824.7728078624131,811.058017302373,819.9030563553757,60940
2021-11-17,819.1583862304688,872.9070973397431,813.4404369487386,823.0366717604024,173941
2021-11-18,810.5068359375,825.1746182933409,780.4254517839955,819.4069600822359,74198
2021-11-22,793.6016845703125,825.1747111607772,791.5631233388942,825.1747111607772,91523
2021-11-23,806.23095703125,809.5125510078354,786.6904599741583,797.5297286944958,48248
2021-11-24,796.137451171875,813.5399066057652,795.5408198349778,809.2638868381416,44078
2021-11-25,797.8279418945312,804.3911896995338,790.6183536273705,798.026839227097,43961
2021-11-26,786.3919677734375,799.5184014284141,780.6740190070029,798.5239755559907,44044
2021-11-29,791.463623046875,798.7229202068098,769.6856708721286,787.5853376365967,75892
2021-11-30,784.751220703125,801.5072727854908,777.2432566266638,795.4412990932541,42737
2021-12-01,782.1160278320312,790.5686486032611,778.7349552455614,785.5965187378317,21852
2021-12-02,788.2814331054688,790.668018878891,780.6243414389899,785.5964710022955,15468
2021-12-03,796.087646484375,803.9933445718432,783.6076135097247,790.0713818952745,42010
2021-12-06,792.20947265625,800.2642987289457,780.7238041558157,800.2642987289457,35825
2021-12-07,814.9320068359375,816.4236456525988,785.1489396576131,795.540702219341,64962
2021-12-08,834.6217041015625,840.2899442669676,808.3688949224961,821.196953512682,81528
2021-12-09,817.9650268554688,843.770391571086,811.8493438756601,843.770391571086,505335
2021-12-10,818.4622192382812,825.3237821791612,813.2414832991152,819.9041489223722,63394
2021-12-13,826.865234375,830.1468280970297,818.5120315416993,819.4070392363199,201622
2021-12-14,836.9088134765625,843.2731635169305,819.854445702117,826.8651361607638,67589
2021-12-15,834.7708129882812,870.1226407089545,825.4231854844038,852.2229749572274,213551
2021-12-16,845.1626586914062,865.1505964697996,840.7374509727729,855.2063367402617,81252
2021-12-17,838.6988525390625,851.2285949626386,824.8763078522298,850.234169033944,46876
2021-12-20,825.6221313476562,834.1244609407032,799.6676387594196,834.1244609407032,118759
2021-12-21,844.2677001953125,867.1394989049618,830.3457357633521,830.3457357633521,40591
2021-12-22,864.2555541992188,894.9833398106962,840.3396226465991,849.2397468870383,377183
2021-12-23,879.4703369140625,885.039097971637,865.1505789160946,867.9349594448819,75121
2021-12-24,899.90576171875,909.8997302231967,866.0952799399646,884.9893726986976,217600
2021-12-27,906.8170166015625,920.8383977318134,885.0887739314227,908.905286746088,322192
2021-12-28,904.7783813476562,917.8551062180125,894.9833105051042,910.8941249140838,130241
2021-12-29,901.8945922851562,913.8774123759066,892.8950499279508,909.8997087311801,111410
2021-12-30,950.3729248046875,979.4598848292471,891.5526035881554,904.9276452085231,439524
2021-12-31,985.2274780273438,1008.3478806154192,954.7482993698183,960.6154365626182,556097
2022-01-03,1055.831787109375,1081.736632514118,986.9677878088578,999.3981125923447,518074
2022-01-04,1029.2806396484375,1065.527417376547,1006.1601753566623,1055.0859447844296,300050
2022-01-05,1028.2861328125,1049.0198881938725,1013.2205564079475,1034.5012945808896,308875
2022-01-06,1016.5022583007812,1029.2308988235716,1009.3423790395411,1021.1760725890175,77243
2022-01-07,1020.0324096679688,1045.887484151388,1009.5909372804341,1022.1206798674987,137484
2022-01-10,1029.9268798828125,1058.7155831872476,1024.7559136392276,1026.2475525237098,239424
2022-01-11,1044.5450439453125,1073.9800278377018,1029.9269096213673,1031.716924890385,283114
2022-01-12,1047.677490234375,1061.9474780944888,1041.661164783965,1055.881504181361,90872
2022-01-13,1017.2479858398438,1052.7490025842578,1011.9277708615623,1049.1193237737941,137861
2022-01-14,1013.6680908203125,1032.2141594859718,1012.325640035375,1026.894004810915,50587
2022-01-17,1044.7437744140625,1056.0802533894382,1014.3143676621722,1018.9881206042736,147399
2022-01-18,1008.9943237304688,1057.2239827492888,990.2493579835075,1056.4781632799256,82991
2022-01-19,1020.5296020507812,1024.2586992568133,1002.2321408152071,1016.3032918839448,46604
2022-01-20,1009.2926025390625,1032.711320883272,995.5695369426736,1029.230830153285,53021
2022-01-21,998.3538818359375,1014.3144051903865,994.4258874415555,1014.3144051903865,70963
2022-01-24,968.5709228515625,1012.3256667996824,964.5932188562789,1012.3256667996824,99811
2022-01-25,1014.6127319335938,1019.2865457947626,954.6488624028996,979.4598007053796,94436
2022-01-27,979.509521484375,1012.1763883543802,954.6985828874831,1012.1763883543802,136834
2022-01-28,971.653564453125,994.4259428217194,966.9300412247218,994.4259428217194,68888
2022-01-31,958.1293334960938,984.481619264279,946.1962229595571,984.481619264279,102581
2022-02-01,1002.3316040039062,1017.1485135850443,958.6265733000457,971.8524257096993,149542
2022-02-02,1045.6884765625,1101.3763201917777,1006.8063921829554,1013.3198688970361,861904
2022-02-03,1026.6453857421875,1088.8964265820514,1021.2754612783258,1055.334550420276,367773
2022-02-04,1017.0988159179688,1037.9818208729766,1010.336731820364,1032.2141019975766,95566
2022-02-07,1002.7293701171875,1019.0379797753209,997.1606091434038,1018.9882099224761,87620
2022-02-08,991.7906494140625,1019.1373617282261,985.9732821633893,1009.0936843926368,89353
2022-02-09,982.9403076171875,999.3980443680412,974.8357121336394,999.3980443680412,83922
2022-02-10,979.6090087890625,990.3488579308719,974.8357762232279,990.3488579308719,61718
2022-02-11,965.3389892578125,994.425948243948,954.6489103141901,979.5095590202889,63830
2022-02-14,917.4076538085938,965.3389970393102,906.1706526418454,965.3389970393102,128198
2022-02-15,909.8003540039062,939.7325517444553,896.9722345751309,939.7325517444553,94120
2022-02-16,915.8663330078125,941.1744864877884,912.8830550501324,929.78829681032,57809
2022-02-17,913.9768676757812,935.2078981556486,906.1706482350804,929.1916332885224,50752
2022-02-18,911.2421875,923.6228026145283,870.8685185404742,914.8718664655852,39975
2022-02-21,867.28857421875,914.8718293246712,855.3056935504475,914.8718293246712,85522
2022-02-22,850.234130859375,860.128680544621,737.1678957043509,858.0901196213144,87075
2022-02-23,859.4823608398438,875.9400986404587,850.4828178759072,870.1227309458274,33507
2022-02-24,820.0533447265625,840.2898875632759,797.1815489704023,825.3734990266497,103313
2022-02-25,856.1013793945312,865.1506318404003,838.9972398214558,854.211945690694,54480
2022-02-28,832.3842163085938,860.178433316001,825.5724229354555,860.178433316001,73830
2022-03-02,824.3294067382812,847.151494522428,820.4014120808449,839.1463170364723,49334
2022-03-03,832.5333251953125,842.7758992059671,827.3622986895158,833.030538115198,39111
2022-03-04,797.3804321289062,834.4725690105792,787.0881477159675,834.3233808385303,106180
2022-03-07,777.3924560546875,795.5407289334826,772.370617342283,793.9496717535919,40541
2022-03-08,783.4087524414062,800.5128909459481,769.1884734741501,780.027740623321,160442
2022-03-09,877.3323364257812,913.87749183938,773.6634261708788,792.5575201262087,227336
2022-03-10,877.033935546875,906.9164217336503,860.1784043855346,893.7899877011489,297938
2022-03-11,864.1561279296875,887.0279241809911,860.2778425482289,881.7574789229399,221581
2022-03-14,851.9246826171875,886.4312735650859,820.4013693761112,875.0947940011853,260117
2022-03-15,903.8336791992188,914.8717818544883,861.5208107324991,861.5208107324991,301420
2022-03-16,881.31005859375,931.3296751681772,877.0837480165726,911.0931299766129,203166
2022-03-17,877.3323364257812,900.9499538699437,871.1668831013685,889.0168418981564,70481
2022-03-21,875.7412109375,884.9893598567455,870.1226802101664,883.7463274564453,30119
2022-03-22,859.631591796875,882.7022877788432,855.2063838345554,882.7022877788432,47359
2022-03-23,875.49267578125,898.9611051328458,864.9517237509988,867.5372677712248,164039
2022-03-24,859.631591796875,879.3709241690306,851.4275770682295,875.4926990779124,114793
2022-03-25,862.66455078125,906.7673193875926,860.1784857934077,899.9555255988832,200929
2022-03-28,846.0078735351562,871.1171286709338,843.273202183735,871.1171286709338,53376
2022-03-29,825.7713623046875,862.6148329136387,802.0045569828288,850.4331145961685,197517
2022-03-30,806.6782836914062,840.2401570455656,805.4849604998261,835.1685486550849,189166
2022-03-31,819.8544311523438,830.1467147605811,794.9937840841966,813.3409537594771,225851
2022-04-01,826.5668334960938,833.3289175857248,810.4571215183362,819.8047494064627,81428
2022-04-04,836.7100219726562,847.5492284542782,825.0255170131691,834.7211700646584,134838
2022-04-05,830.445068359375,847.051993499254,824.3790944753498,836.7100002629699,94633
2022-04-06,824.2797241210938,831.3401243441243,820.4511476578049,828.3568463859516,88608
2022-04-07,831.14111328125,840.28984324013,825.4728737973292,826.3678813402935,83097
2022-04-08,835.3674926757812,840.2899131819302,832.1853175519618,838.6988559674915,39287
2022-04-11,846.1570434570312,854.3112874821899,833.279215595433,842.9748683595601,78579
2022-04-12,867.7857666015625,879.0724760374158,835.3177374111191,847.2011387906579,131437
2022-04-13,866.3438720703125,878.8736143615906,846.256456383789,875.9898156157905,140224
2022-04-18,851.4275512695312,865.1506178971871,846.2565239431106,865.1506178971871,58143
2022-04-19,840.8368530273438,865.1505797347398,827.4618118108467,855.2063201975589,74972
2022-04-20,839.59375,857.1951000400419,837.0082670156736,845.2619895986492,47035
2022-04-21,842.27880859375,845.2620865462662,835.3178267045455,842.27880859375,30877
2022-04-22,849.48828125,860.1286499700527,831.3897186647147,849.2396747878256,120256
2022-04-25,838.7485961914062,847.6984299177348,831.1909224055399,846.1570818038559,40272
2022-04-26,851.7257690429688,860.1783890509843,837.2568845800007,845.1625824911913,43809
2022-04-27,834.5223388671875,855.2063882104983,827.4618776173179,850.2342580464838,79199
2022-04-28,841.68212890625,845.2620379655391,828.4065063635908,837.3066305493928,42328
2022-04-29,823.9812622070312,845.2620003768475,808.0207389271386,845.2620003768475,71663
2022-05-02,838.301025390625,845.2620066216266,799.3692275135471,814.3850948716715,142125
2022-05-04,830.59423828125,847.7977943221669,823.1360439836034,847.6486668531783,65639
2022-05-05,819.4566650390625,846.6542502950779,813.2912122126112,846.2564556501683,90120
2022-05-06,820.4510498046875,835.3177286621261,812.0979089350292,818.4124889153926,76135
2022-05-09,814.5840454101562,828.5557179405287,810.9543663960103,818.4125610593703,77386
2022-05-10,811.1532592773438,819.158376033125,810.059354315751,818.1142409249697,45222
2022-05-11,804.142578125,820.3517091600747,801.3581368765678,819.8047870201841,76156
2022-05-12,776.5472412109375,815.4292712063357,755.9626121036914,800.5128820989028,119888
2022-05-13,796.7838134765625,873.7026384621254,781.4199200043905,817.4181524839119,292017
2022-05-16,785.7954711914062,799.9163331387285,774.2600926774893,799.9163331387285,49648
2022-05-17,779.3812866210938,790.5685778166118,774.7571819823039,788.9775206801138,73486
2022-05-18,778.486328125,792.5574795493043,774.9561281530727,781.7679823051861,53010
2022-05-19,770.2326049804688,775.6522385296969,755.763719593038,771.3762190973039,109318
2022-05-20,752.03466796875,773.663433626033,739.6540520397297,773.663433626033,93732
2022-05-23,750.6921997070312,756.7581739323214,740.5987516900084,755.4654322919254,67857
2022-05-24,752.283203125,763.6693919669376,746.1177503258995,760.7358233848314,79533
2022-05-25,728.2677001953125,758.7468748182114,718.7212369264249,758.7468748182114,120524
2022-05-26,692.518310546875,740.847391255496,680.1376943526761,740.847391255496,171915
2022-05-27,693.1148071289062,702.5618525632314,690.2309479288747,701.0702138104432,140383
2022-05-30,691.97119140625,703.5065674825305,686.15382456293,696.7941931118062,52438
2022-05-31,683.8170776367188,696.2971120616094,673.8728174264558,696.0982147184146,79904
2022-06-01,697.58984375,707.7827103194048,686.3031328511255,689.1372226924448,298094
2022-06-02,714.1470336914062,733.8863648918892,698.5345338440127,698.7831403361847,223458
2022-06-03,678.1487426757812,725.3342629370227,674.8173795526102,720.9090556211323,279802
2022-06-06,645.9293212890625,682.2755752370506,615.0027005518548,680.6845180994542,883081
2022-06-07,641.7030639648438,664.4257337135515,636.9795406245474,646.2774598271499,140518
2022-06-08,637.7254028320312,655.3267557553451,636.4326611281044,646.3769214582311,56055
2022-06-09,635.58740234375,639.9131311668997,631.8085349868074,638.371783005487,42065
2022-06-10,619.0797729492188,634.4436637800582,616.543999284696,634.4436637800582,43765
2022-06-13,592.7772827148438,614.4558169148906,582.7833140867164,614.4558169148906,133883
2022-06-14,597.4013671875,608.5886587078652,586.8604767885101,594.5672776136505,151612
2022-06-15,597.2024536132812,606.4008930574715,593.6722538574718,606.3511839021664,24857
2022-06-16,584.87158203125,613.5607432351796,578.7558388377222,613.5607432351796,101651
2022-06-17,557.4254760742188,592.6778895282703,552.9008499626145,592.6778895282703,144583
2022-06-20,560.5082397460938,571.7949505795551,543.7024160510814,561.2540592468497,65843
2022-06-21,607.1964111328125,614.5551868389566,564.9333117142759,569.7066044398495,131749
2022-06-22,584.3744506835938,614.1574601908526,581.9878040566435,607.1964783396838,66239
2022-06-23,591.88232421875,597.4013759776827,577.6122757413941,591.6834268942509,58901
2022-06-24,613.7099609375,624.0519537537197,589.7939697798122,596.357217056296,95908
2022-06-27,616.2457885742188,625.4939379986438,593.1750938254229,625.4939379986438,524286
2022-06-28,629.2230224609375,632.4549068117839,611.7708591053557,621.2179056693682,74761
2022-06-29,613.3619384765625,627.1844840151701,608.9367306821921,626.1900580251968,121446
2022-06-30,606.6991577148438,619.4278565404322,600.8320818981416,619.4278565404322,47082
2022-07-01,618.1849975585938,622.7096240883509,601.2299843208433,606.599909436458,37228
2022-07-04,609.9808349609375,628.4771313199095,607.5941886652923,628.4771313199095,43160
2022-07-05,610.975341796875,617.5882380971944,607.8925848650831,616.4943938053957,74854
2022-07-06,619.4777221679688,625.493987652665,610.7267850361424,616.2458374940877,27059
2022-07-07,636.4325561523438,649.3600924491882,620.5217422485351,622.6597821448347,73783
2022-07-08,618.43359375,639.1176437512544,614.0580947885067,639.1176437512544,99181
2022-07-11,666.3648071289062,685.1594819270897,615.0027430501768,620.521794952836,103376
2022-07-12,653.4871215820312,676.2097331914397,652.3435073140947,676.2097331914397,75737
2022-07-13,701.6172485351562,710.9648771648276,652.4428709502929,654.4317229400149,572366
2022-07-14,737.068603515625,745.7698314899174,702.164212596065,705.0480724312389,486348
2022-07-15,729.0633544921875,744.7255620225344,720.9587593334294,736.869573332512,170495
2022-07-18,736.7701416015625,742.3886112756761,725.0856377838379,733.5879667207266,104601
2022-07-19,726.1298217773438,738.6595641406205,724.0414909201698,732.8919059209367,89211
2022-07-20,730.3064575195312,740.8473485361619,726.1298563015465,734.1349732306329,52469
2022-07-21,748.5541381835938,752.7804484954905,725.9309476904995,734.5824656444297,64973
2022-07-22,788.8284301757812,806.0816971219434,747.8083573806334,760.6364771509129,177245
2022-07-25,783.2595825195312,813.1420686033056,767.8459811067919,783.8065046242211,358366
2022-07-26,752.2334594726562,780.5248875368774,747.8082522240978,780.5248875368774,62991
2022-07-27,744.1785888671875,758.6972432462269,737.3667958136415,753.4267981798038,43432
2022-07-28,739.7036743164062,751.7859731630743,729.9086035736727,749.4988057540794,84207
2022-07-29,792.3087768554688,805.484919049802,739.8528145346329,747.5099055337231,173823
2022-08-01,833.080322265625,841.5329426646197,785.2484593445847,800.512873081263,194132
2022-08-02,791.1155395507812,838.7485660611005,787.0881266575988,838.7485660611005,157063
2022-08-03,765.99365234375,795.3439732004588,751.368226076838,795.3439732004588,114252
2022-08-04,757.7855224609375,795.9409158230142,754.7509491389841,777.8829820050904,61771
2022-08-05,763.4068603515625,769.0779518309871,758.3824951916816,766.0931732339717,24203
2022-08-08,785.09619140625,794.9459844651561,750.2240424055326,763.4068137374015,110670
2022-08-10,768.4810180664062,784.996768629511,761.5662688592387,784.996768629511,46180
2022-08-11,756.691162109375,772.0627851179667,751.2190676272244,770.5703957137438,101960
2022-08-12,746.89111328125,759.4271591579911,743.2098741823733,754.0545940931634,44254
2022-08-16,743.757080078125,751.816018857078,741.2200303742883,749.8759005922109,26192
2022-08-17,750.3236083984375,762.561188356414,746.2443745954617,751.1692713674028,32131
2022-08-18,753.3580932617188,770.2718378192764,748.2839334591677,756.1438743378689,64086
2022-08-19,747.7864379882812,759.1286199021716,741.7174130236814,754.8504497856939,36877
2022-08-22,752.6616821289062,761.1185549618153,738.235252002179,748.1845141585426,31251
2022-08-23,744.8017578125,759.9246487820159,741.0210502514907,755.5470097681286,30508
2022-08-24,746.692138671875,754.8008117697622,744.901283595639,748.5825228068052,14881
2022-08-25,759.0292358398438,777.9328339777956,746.7418606148888,754.6018020255965,80189
2022-08-26,760.9692993164062,775.6444611431662,757.0393893058933,765.0982674426009,53222
2022-08-29,760.5713500976562,763.35713132854,741.7174863544171,749.8758933863082,27977
2022-08-30,773.0576171875,779.0271740769788,762.1134295567889,771.0677648910071,43571
2022-09-01,759.8251342773438,790.4688484143927,754.1540429176963,777.733805481194,60205
2022-09-02,761.4689331054688,766.3504879977896,750.1617386575698,763.5112547432366,21020
2022-09-05,761.817626953125,772.0787909819301,754.2462371649541,760.6221379544563,43017
2022-09-06,765.7527465820312,771.0825564681383,760.1240188439141,767.894606089163,61374
2022-09-07,771.8297729492188,781.6924816884218,758.8289738330689,761.8674654571346,36501
2022-09-08,774.9678344726562,782.0410476516726,772.0787413121608,776.0636638479656,25068
2022-09-09,783.585205078125,791.007135576734,769.7376355353415,779.0523677846422,36681
2022-09-12,778.10595703125,786.9226349935357,745.180545363059,762.1164668485831,411113
2022-09-13,774.4198608398438,785.9263733336891,771.082512530129,780.0485882572234,56651
2022-09-14,767.5459594726562,774.4697750392385,761.1202592589923,767.396500544742,68608
2022-09-15,770.88330078125,796.9347578164447,767.0976362956155,771.5806744298106,98519
2022-09-16,753.2001953125,772.0787789061269,749.2650719557658,770.8832899261564,40823
2022-09-19,737.9578857421875,759.1277879656387,736.2144820296679,753.9971755753286,48931
2022-09-20,750.4107666015625,756.1390930641699,737.5095670160624,742.1918634160824,62949
2022-09-21,750.5601806640625,758.4303661548618,732.3291114982751,753.7979302102684,175219
2022-09-22,780.5964965820312,820.7944389138288,747.6212871099325,753.3994125925994,1493335
2022-09-23,768.7413940429688,818.1544092312773,763.2122653730395,787.022201878489,817697
2022-09-26,766.4999389648438,774.5693834608535,737.2107315254426,753.399480697454,293327
2022-09-27,763.2122802734375,783.7346682441151,749.1654523636564,769.0900654584345,181253
2022-09-28,755.5911865234375,769.0901003464788,751.656063097692,766.1014082466868,266825
2022-09-29,743.3873291015625,784.0335277837147,741.1956094931178,772.3278175531447,229740
2022-09-30,748.3187255859375,769.0403122883795,738.6552754933999,756.1391123734261,143356
2022-10-03,724.1600952148438,750.1118918951477,719.4279995527983,750.1118918951477,165718
2022-10-04,739.6016235351562,742.1917987793298,730.3366302888721,742.1917987793298,60413
2022-10-06,737.360107421875,746.5253803538593,723.3630187621937,746.5253803538593,73316
2022-10-07,732.1299438476562,742.1918492945784,729.4401088771134,742.1918492945784,45525
2022-10-10,724.658203125,732.1299330411703,722.3668239732995,732.1299330411703,30921
2022-10-11,713.6497802734375,727.2483525576829,707.7720560988345,726.2521219377409,122675
2022-10-12,720.9721069335938,729.2408088621326,712.3048884377387,727.2483476357332,81407
2022-10-13,726.600830078125,751.1579409305864,722.2672508947946,725.2061435939374,213251
2022-10-14,722.765380859375,737.2107261694521,719.477831673963,737.2107261694521,102087
2022-10-17,722.5661010742188,748.1194423747262,717.1366316994508,720.2747826679677,141399
2022-10-18,743.1880493164062,747.1729718328481,723.2136373637599,726.2521286215283,166373
2022-10-19,770.1361694335938,791.8041882547345,743.7858539245659,747.1730627979565,570121
2022-10-20,766.8983154296875,780.9452035872407,762.4650770309729,770.0862655593862,91732
2022-10-21,749.46435546875,772.0788048824555,745.2303749258461,771.6802882740257,89399
2022-10-24,766.4002075195312,775.8643984554018,759.874909087923,761.917169707803,101560
2022-10-25,773.8720092773438,779.052421169928,758.1315761001473,777.0599597347108,87617
2022-10-27,779.1520385742188,786.7234286923779,770.3354208343329,786.7234286923779,107040
2022-10-28,777.1594848632812,819.8978029220826,770.6341864421129,818.901572298848,1031272
2022-10-31,757.0855102539062,782.0410763904422,743.2876789835786,779.0523843787589,656043
2022-11-01,757.9821166992188,766.798795027632,752.2039907017007,760.8712101005265,77437
2022-11-02,758.878662109375,766.997965848794,754.1465667434156,759.077920391065,94674
2022-11-03,744.3338012695312,763.2621848096536,742.1918809153207,757.1353416048909,89262
2022-11-04,746.1767578125,753.1503723714953,740.000115613514,747.6711037894275,69424
2022-11-07,743.4868774414062,748.1691733772217,740.1993286541621,748.1691733772217,53602
2022-11-09,742.44091796875,748.6673597497694,734.0725558930218,742.1918602975093,80099
2022-11-10,743.5866088867188,752.6024844404776,739.8507438115345,743.0884935433608,51299
2022-11-11,742.39111328125,753.997164194933,739.4024212477547,753.997164194933,53114
2022-11-14,741.046142578125,745.6786394095201,736.3639071804831,745.6786394095201,58746
2022-11-15,741.2454223632812,744.7820291022841,730.7352008918409,744.7820291022841,68858
2022-11-16,738.0574340820312,743.3873044079179,733.4249981596346,740.0000959614648,85939
2022-11-17,737.260498046875,741.1956213697359,731.2333146308954,740.2491900685271,40654
2022-11-18,731.8310546875,739.7013016125545,727.298217121466,739.7013016125545,37198
2022-11-21,728.0951538085938,735.2182273522692,725.6544373347651,731.4823623758857,63596
2022-11-22,725.7540283203125,729.2408355943292,724.0604240547715,729.2408355943292,29169
2022-11-23,726.3019409179688,729.5396905202,722.2672189592838,729.3902924062298,55346
2022-11-24,724.5585327148438,727.2483676053616,720.2747531214745,726.8000516560932,55598
2022-11-25,723.9608154296875,727.2483643678662,722.2672111872644,727.2483643678662,47184
2022-11-28,727.89599609375,737.7088443125327,724.5087873413767,725.2559603774798,37020
2022-11-29,724.3095092773438,732.2295554049882,722.6657651258186,729.7389786859236,59474
2022-11-30,716.3396606445312,727.7963135021403,714.3471992779905,726.2521681040904,97117
2022-12-01,712.902587890625,724.1101820597033,710.9101267050111,718.2822574138186,96118
2022-12-02,716.8875122070312,719.9758635361666,713.0520487363534,713.3011063852309,25641
2022-12-05,716.2899169921875,724.2099637013131,713.3012247098835,718.1827797596868,36170
2022-12-06,716.5388793945312,719.9758872231355,714.2973604808883,719.2785136223171,22261
2022-12-07,715.8912963867188,722.2671966516109,710.0633716047389,716.7879282632193,55121
2022-12-08,714.8452758789062,719.278514340221,710.3124386767003,719.278514340221,33304
2022-12-09,713.1019287109375,717.2861098460589,709.6151212325192,717.2861098460589,36103
2022-12-12,712.3049926757812,715.2438855758132,707.3238388808458,712.2053939219226,31949
2022-12-13,712.354736328125,715.7917443387876,710.8603903065409,715.7917443387876,23926
2022-12-14,710.3623046875,714.2476288282184,708.3200438669062,710.5117636179499,30627
2022-12-15,699.5531616210938,722.2672078589499,696.1659531518562,713.3011321751836,122954
2022-12-16,688.9432983398438,705.7298213848833,684.7093180497293,702.9403269026152,103970
2022-12-19,684.0618286132812,690.2882704349083,679.9274469216824,689.590896789867,37843
2022-12-20,682.6670532226562,688.1961211716496,677.43684230778,684.4104568609483,48236
2022-12-21,681.0731201171875,688.7440476123976,674.4979612290288,685.2074409040056,49068
2022-12-22,667.7733764648438,684.4104400805121,661.1484792848197,684.4104400805121,53886
2022-12-23,657.4127197265625,667.4248269606254,644.1628016342615,664.08741734587,123896
2022-12-26,656.66552734375,662.4436535693278,651.4353158731227,659.0066452990384,63846
2022-12-27,664.9839477539062,675.4941687746161,655.519756737184,659.9529952165618,43542
2022-12-28,669.566650390625,673.4021751903687,662.991551884062,664.4858979814717,17488
2022-12-29,663.0413208007812,672.206655271542,657.51225265538,665.9802134850328,34905
2022-12-30,676.8889770507812,689.0928034101889,663.4896616624936,663.4896616624936,28400
2023-01-02,689.9893798828125,692.3803579589547,670.7621389379217,670.7621389379217,35735
2023-01-03,690.885986328125,698.0588594863505,686.3033494575039,693.4761618106332,18733
2023-01-04,692.28076171875,697.2619153911972,678.4331301873075,685.606003636651,24355
2023-01-05,688.4451904296875,695.9667198062706,680.4255457194884,695.9667198062706,27518
2023-01-06,686.8512573242188,691.3840947759237,677.4368651983114,690.0890070475931,22100
2023-01-09,685.2074584960938,690.039213840284,682.0195081174201,690.039213840284,34027
2023-01-10,684.1116333007812,687.4489818210584,677.4368754551306,685.2074627478613,25226
2023-01-11,680.9237060546875,684.4105136204394,677.4368984889356,683.0656264528317,15573
2023-01-12,676.3410034179688,684.3606478804916,665.2828068701542,684.3606478804916,34434
2023-01-13,671.31005859375,678.0346160763969,666.4783638356655,678.0346160763969,20111
2023-01-16,671.16064453125,674.4481937281373,665.4323179227762,672.3561335496901,15719
2023-01-17,664.7349243164062,668.470789383752,657.9107684487593,668.470789383752,45474
2023-01-18,655.6693115234375,668.0723360779547,652.7304185643558,668.0723360779547,36809
2023-01-19,654.6231079101562,658.9567475361266,642.8675989018853,658.9567475361266,63105
2023-01-20,647.0518188476562,657.5122408613597,637.7868857965378,657.5122408613597,215117
2023-01-23,624.6864624023438,650.4390630628411,619.6555094145793,647.051854284195,77863
2023-01-24,618.6593017578125,626.5793484582441,609.7430242977064,624.6864856928227,58399
2023-01-25,597.5390625,625.5331770056837,595.7458596987135,621.6478535986575,109890
2023-01-27,594.2515258789062,612.6817911408673,587.7760272733524,599.7307939297596,272245
2023-01-30,591.2130737304688,605.2599011535315,587.8258652996847,592.7572190307911,39474
2023-01-31,591.3624877929688,598.3361023226269,588.8221118038977,594.3511797342508,35271
2023-02-01,577.5149536132812,596.6425953687175,567.8515035842491,594.4508756500045,53399
2023-02-02,575.8212890625,584.7873644977293,572.832597250757,577.1163766865706,30003
2023-02-03,574.8749389648438,578.8100625667216,570.5413595482169,578.7104638143093,33601
2023-02-06,599.6312866210938,604.6124401540648,571.7866262107661,577.7640104503314,239631
2023-02-07,615.2222290039062,619.6554675808976,601.5240574938783,601.7233157859521,212232
2023-02-08,616.2194213867188,625.2939121698356,611.7818715959406,618.263668116517,92915
2023-02-09,617.7650146484375,621.8535077524002,610.5851669542558,615.2720162035286,139783
2023-02-10,615.820556640625,621.0060063615723,608.3914079805954,615.2721090728063,61476
2023-02-13,617.565673828125,625.9421744573764,615.2721270185681,621.2553243639675,92214
2023-02-14,616.1196899414062,621.9533435653559,607.2944986660876,619.2110449260592,80482
2023-02-15,611.1336669921875,618.114063238194,609.2888723300043,612.7292226526669,69717
2023-02-16,615.4715576171875,617.4161088594053,605.3001103122415,611.1337031746664,63173
2023-02-17,622.8009033203125,628.9835520731871,608.7902632432513,616.9673108929096,158298
2023-02-20,635.4653930664062,637.2104922235129,618.4133056483698,626.0418454451847,156535
2023-02-21,638.0580444335938,643.1936459523918,633.2714992412116,638.2076486969469,184250
2023-02-22,635.814453125,662.7887515271503,629.2329599811917,637.1607091300299,324783
2023-02-23,641.6978759765625,647.9802206314597,633.2216802565924,638.1578299369498,199726
2023-02-24,647.2822265625,650.0245254224561,634.3186319517982,643.1937326078947,454105
2023-02-27,642.8944702148438,645.8860684374682,636.3129176065369,643.5426133112128,109115
2023-02-28,643.34326171875,649.7751496018969,638.2076601081272,646.0356515934509,371730
2023-03-01,674.5057373046875,681.6855247063071,643.1936499978614,643.1936499978614,95023
2023-03-02,704.6211547851562,712.9976550786245,671.6637229015704,677.9959763568197,439866
2023-03-03,733.9886474609375,737.9275974852238,703.075464323043,704.1225115790622,475385
2023-03-06,739.8223266601562,754.2817192785142,729.9500273543453,745.606071534654,282634
2023-03-08,743.1130981445312,746.702992088558,728.9528527177966,736.9304489171707,397503
2023-03-09,740.5701904296875,744.9079836595254,736.3320927984252,738.9247870036255,43973
2023-03-10,745.0576171875,761.262108767075,733.4900666798524,734.2878140924631,372349
2023-03-13,735.4844970703125,747.8996433223086,727.9556528337137,747.8996433223086,188945
2023-03-14,738.226806640625,741.8167615000091,725.8116602056857,734.3377649565793,503941
2023-03-15,738.1769409179688,744.1601380074761,734.0385385853682,743.0632428867577,810071
2023-03-16,733.1410522460938,739.3735488462812,727.0580990457761,732.9416001820429,212912
2023-03-17,747.0520629882812,747.8498104509075,729.9500664571518,729.9500664571518,455466
2023-03-20,746.5534057617188,754.7803013693889,739.074409754746,753.7831019017925,68881
2023-03-21,805.138916015625,814.0638030196174,744.0105368073151,746.5534442722405,937081
2023-03-22,825.830810546875,856.9932956869909,797.3108676281037,804.7400162583531,2419255
2023-03-23,849.9131469726562,853.6027974053148,818.8005094738223,822.540007710119,1553588
2023-03-24,852.6055908203125,856.5943889060215,834.6559994346217,841.6363960846126,543553
2023-03-27,823.1383056640625,867.4638337926706,812.7175591439122,864.571931015671,623986
2023-03-28,828.922119140625,831.4649657994285,814.462725784187,822.7394698084745,192630
2023-03-29,830.5675048828125,832.4621474530262,824.7338511699637,830.6672004891607,82970
2023-03-31,862.9265747070312,867.563576790742,831.1159467432409,831.1159467432409,264416
2023-04-03,842.4341430664062,866.8655313279612,840.8884959818882,866.5165358413448,172411
2023-04-05,885.8621826171875,889.5019852658168,839.6420085132486,842.6336071184027,335596
2023-04-06,946.5418090820312,952.0762543184205,874.6436862200968,885.8621809685465,1489385
2023-04-10,909.4459838867188,941.3563692862527,908.1994844570494,941.3563692862527,421553
2023-04-11,940.359130859375,946.5417799477328,909.4459462818133,909.4459462818133,658032
2023-04-12,948.7855224609375,956.1149147956988,930.6863263124928,940.4588697135848,622217
2023-04-13,986.2801513671875,990.967001180838,944.3479246472991,944.3479246472991,1119161
2023-04-17,1055.286376953125,1066.754171269176,984.7843597242096,992.4129602888389,1937289
2023-04-18,1011.50927734375,1051.048261429162,1005.1770849341511,1051.048261429162,603889
2023-04-19,1029.259521484375,1036.0903139341103,993.210734050408,993.210734050408,431144
2023-04-20,1046.6605224609375,1054.0398227654393,1012.1574457019119,1033.5972339606224,555847
2023-04-21,1056.83203125,1073.7844219874,1046.610736834803,1046.6605237704905,704998
2023-04-24,1073.0863037109375,1073.734507699074,1055.1367136124156,1062.4163182881957,298876
2023-04-25,1120.25390625,1129.5277882616301,1069.9950287371591,1071.9894276723635,1945963
2023-04-26,1110.8802490234375,1127.4836451341557,1105.3956517436989,1116.165455093477,705544
2023-04-27,1119.555908203125,1128.8299128926567,1103.9498323201976,1109.8831210684866,305960
2023-04-28,1126.137451171875,1176.6954174506168,1107.1906605519075,1131.7217440615427,1091460
2023-05-02,1179.7369384765625,1184.6730273993437,1135.810251016711,1135.810251016711,683677
2023-05-03,1208.65576171875,1220.7716388529425,1172.208069521611,1181.0831698509205,1601415
2023-05-04,1147.6768798828125,1209.9021503711008,1121.8493895901147,1201.6253461831895,1428499
2023-05-05,1129.3782958984375,1166.7233669438501,1057.7294173918183,1147.5272773595175,1033368
2023-05-08,1129.8270263671875,1151.7654152286862,1116.4645288058566,1148.7738167475727,232255
2023-05-09,1133.3671875,1143.787874016526,1101.905493276601,1135.9598819620178,403523
2023-05-10,1131.12353515625,1150.7184095702116,1127.8826365130244,1145.4333248198764,225468
2023-05-11,1138.452880859375,1166.6237679057654,1126.6858775787025,1136.8074772702655,531118
2023-05-12,1163.681884765625,1195.7418724007819,1147.228093341793,1147.228093341793,480628
2023-05-15,1170.6214599609375,1186.1977699366148,1154.2463148541472,1168.0254286125125,189878
2023-05-16,1188.2447509765625,1192.7379245070874,1161.085940060976,1172.518643619725,136183
2023-05-17,1167.326416015625,1191.6894248641079,1148.3053885655027,1188.2447073711703,158572
2023-05-18,1166.8271484375,1176.2129125239694,1153.7970190996127,1159.2387024111447,42071
2023-05-19,1195.8829345703125,1198.1794940212349,1159.4882811934658,1168.1750337710714,219904
2023-05-22,1209.562255859375,1216.1522188752704,1189.2431524415626,1204.7196379855418,256444
2023-05-23,1209.0130615234375,1219.097714990567,1168.275030095948,1210.3111381188148,345286
2023-05-24,1202.72265625,1215.1537199141358,1198.1795101864939,1208.2641633535388,74182
2023-05-25,1201.923828125,1232.1279367860852,1194.1855854101766,1206.1174076809195,90602
2023-05-26,1217.9495849609375,1221.3943024799746,1196.1826072928752,1196.1826072928752,303090
2023-05-29,1153.048095703125,1221.1445803764475,1130.6320815831318,1218.1491316919592,150879
2023-05-30,1127.6365966796875,1148.2053192754968,1110.9619816256607,1139.7681878392307,185998
2023-05-31,1164.2310791015625,1201.823985235168,1122.194972749448,1129.2342041704044,683542
2023-06-01,1113.6080322265625,1158.140345393584,1090.44315570935,1143.2629257383924,244429
2023-06-02,1116.6533203125,1122.3447459403124,1108.3160125232453,1112.9589823581366,62882
2023-06-05,1129.3839111328125,1131.6304975132362,1100.3280849896896,1104.322016332665,205441
2023-06-06,1098.780517578125,1130.2827035194898,1087.3479365130074,1130.2827035194898,141633
2023-06-07,1083.4039306640625,1108.0664097964502,1074.2677876570428,1100.7275847821663,110572
2023-06-08,1083.703369140625,1098.3311677057293,1073.3690957124172,1085.8501317090734,93193
2023-06-09,1082.9046630859375,1090.0936911132187,1060.3888252459246,1083.903145972233,293568
2023-06-12,1078.0120849609375,1085.3509098825675,1058.2920477298605,1058.3918716426142,86323
2023-06-13,1083.853271484375,1097.332791673264,1070.3737512954858,1077.363132134169,91093
2023-06-14,1071.6717529296875,1148.2553431491524,1054.0485052425918,1122.194963651226,946799
2023-06-15,1081.7564697265625,1100.6278221607288,1073.4690123548253,1098.4310865044824,129902
2023-06-16,1081.9560546875,1087.7473043077111,1074.966674331786,1085.5505687791288,88574
2023-06-19,1079.65966796875,1089.245079959487,1070.4237006352294,1082.5551710300772,51192
2023-06-20,1052.70068359375,1085.0015845103442,1030.933705275526,1079.3601311407685,327138
2023-06-21,1045.611328125,1080.3585845904643,1041.9169898522637,1080.3585845904643,66754
2023-06-22,1046.26025390625,1054.647534414952,1043.4146020957394,1053.3994308239282,128565
2023-06-23,1035.9759521484375,1045.2617697229414,1031.432806328761,1035.3767649174044,61923
2023-06-26,1027.0894775390625,1040.419200111645,1023.4449905128947,1029.435888018336,35514
2023-06-27,1037.6234130859375,1050.5538401727736,1030.933626202643,1031.3828947675195,30620
2023-06-28,1025.6416015625,1056.0454794561692,1023.4449879034875,1043.1150525754863,33779
2023-06-30,1028.4375,1042.6658828883494,1025.6416988187623,1025.6416988187623,94804
2023-07-03,1003.075927734375,1033.429833202567,1000.4798964917604,1020.7490877950472,194501
2023-07-04,996.236328125,1030.1347743244405,966.5314614131796,1026.3904633943791,149683
2023-07-05,968.578369140625,1000.4299994806412,964.5345253996669,996.2363589208258,116355
2023-07-06,995.4874877929688,1008.3679420521694,970.4755024195816,972.5223802511049,156133
2023-07-07,991.34375,1008.5675804960505,983.5056833976626,995.4874785253498,178557
2023-07-10,985.4526977539062,1018.6522537547669,982.3573642379147,1008.467716116367,211806
2023-07-11,984.6539306640625,1017.4540693672286,976.5162706978897,985.5026167472568,622022
2023-07-12,1033.8292236328125,1049.4055325650315,984.8036764593382,986.6009334988158,427048
2023-07-13,1037.873046875,1068.3767495532093,1015.8065982005054,1035.4268124174562,464041
2023-07-14,1017.154541015625,1043.314805148056,1013.4601421022085,1043.314805148056,51067
2023-07-17,1006.22119140625,1026.839888670935,999.5313434624193,1022.4465393202679,51044
2023-07-18,998.283203125,1028.437399252768,986.5011169531406,1011.5630136647032,85242
2023-07-19,989.9957885742188,1002.4768247387954,985.5026155549712,993.4904787003002,46478
2023-07-20,979.31201171875,995.1879141342378,977.4648427390972,989.4965494413708,124948
2023-07-21,978.2137451171875,983.6554893098454,972.2727594562595,976.5163119365563,40999
2023-07-24,978.7130126953125,983.3060099489045,975.517855024631,978.2137712137236,51846
2023-07-25,981.7084350585938,983.9051097067422,973.520862793256,983.9051097067422,75533
2023-07-26,976.1668701171875,984.4542663259986,973.5208659506557,978.5631926062979,27746
2023-07-27,971.6237182617188,979.5117578137986,968.5284455447345,977.1653472969778,30584
2023-07-28,975.2681884765625,978.5132579544728,966.5314629591119,971.6237014551159,38120
2023-07-31,973.4210205078125,980.4104009293076,968.5284298357417,971.9732080891335,53584
2023-08-01,958.3439331054688,981.3090411923218,955.5481930051473,978.5133010920002,94880
2023-08-02,924.59521484375,953.5512204922044,918.6043171233802,952.5527375388094,106746
2023-08-03,925.7434692382812,931.9839875259185,918.6042919401997,926.2427107012923,38850
2023-08-04,928.7388916015625,938.5739237661305,922.6481093605231,927.5906118922716,34001
2023-08-07,924.7449340820312,933.6313950561764,922.5981715353101,929.0883101878853,242415
2023-08-08,930.0868530273438,935.5785091643812,919.6027822202722,919.6027822202722,42880
2023-08-09,939.5724487304688,942.3681887804742,928.5891363648628,932.88260082836,46273
2023-08-10,951.9036865234375,958.3938256337884,934.5800318905259,939.5724465907958,379844
2023-08-11,949.1578979492188,957.5451793718374,944.564900610801,957.5451793718374,153311
2023-08-14,947.4105224609375,958.493719768322,939.42265886321,949.1578676229403,142762
2023-08-16,942.4680786132812,950.5058541529199,938.773679518662,938.773679518662,87456
2023-08-17,940.5210571289062,944.7646098026115,939.2729534013458,939.2729534013458,334553
2023-08-18,941.8689575195312,948.0595640175846,935.5785271031879,940.7207386889446,877525
2023-08-21,982.95654296875,998.4829405050916,941.8689455899405,942.1684782835796,706390
2023-08-22,1003.7249755859375,1010.4647354319511,976.516315466846,988.4981107486477,318299
2023-08-23,1013.460205078125,1019.4511028421337,1003.9247049922574,1008.9171197955978,323264
2023-08-24,1003.3255615234375,1016.2060158732106,988.4981141876478,1013.460187778245,170548
2023-08-25,1013.3103637695312,1016.4556093345752,988.4980876632902,999.4813997484379,214769
2023-08-28,1003.9246826171875,1028.4374265667466,992.4920407838312,1018.2029764479997,371237
2023-08-29,1003.075927734375,1013.4601745899569,996.4859647692384,1013.4601745899569,300963
2023-08-30,1009.2665405273438,1013.2105603169915,1000.9791443387869,1009.4662493032555,226090
2023-08-31,1003.4254150390625,1013.2604473495132,999.7310160745446,1009.2665156997772,182660
2023-09-01,1003.6251220703125,1008.2181190825229,995.038132472729,1003.4753252566828,72600
2023-09-04,998.982177734375,1016.3558052024324,992.4920386486444,1003.8747684991043,46759
2023-09-05,999.181884765625,1010.4647297372219,995.5373976775915,998.4829345229466,116376
2023-09-06,998.1834106445312,1002.2771663351962,985.5026650756132,999.4814262823595,167502
2023-09-07,995.0381469726562,1008.2680457322624,989.7961116150765,1003.4753398795589,69636
2023-09-08,982.8067626953125,1006.670529752134,979.5616930840431,995.9867499203654,77030
2023-09-11,980.2606201171875,996.3361709720311,972.122959830863,985.5026555188838,60419
2023-09-12,968.27880859375,985.9519684101141,952.5527026537123,980.2106916383543,151837
2023-09-13,958.89306640625,986.9504735668933,938.6238749264119,968.9278687005423,199445
2023-09-14,957.545166015625,969.9762911518902,954.1003875885784,960.0912853947242,30542
2023-09-15,938.9733276367188,963.7856029045308,935.5784614571825,957.545084885206,120506
2023-09-18,938.07470703125,955.3983613843927,933.0822924116052,955.3983613843927,72463
2023-09-20,923.2971801757812,942.5678885908748,921.54983504333,942.5678885908748,59325
2023-09-21,876.5182495117188,927.7404745492951,866.4835078669093,927.7404745492951,381769
2023-09-22,877.6165771484375,884.4561607923192,870.7270206043688,876.5182093678648,150637
2023-09-25,881.5106201171875,888.3502646736459,875.1702779624814,882.1596583911606,85050
2023-09-26,881.260986328125,890.8963707247555,875.9690391276304,881.5106070540215,184073
2023-09-27,895.439453125,900.6315763969534,878.864661351038,884.6059380298433,174052
2023-09-28,878.7648315429688,899.4334410699021,876.668041697256,898.6346668878477,312426
2023-09-29,883.507568359375,895.0400945910806,879.0143953161318,879.0143953161318,432557
2023-10-03,877.8662109375,888.4001937408003,873.9221911454179,888.4001937408003,32123
2023-10-04,886.1536254882812,888.4501241038508,868.979706417066,877.8662291229317,72279
2023-10-05,897.2866821289062,900.3819547407332,880.1626760232397,890.8464552377852,229542
2023-10-06,889.6982421875,903.3275591656509,885.6543983295252,901.8797466641979,111019
2023-10-09,881.260986328125,885.7541593942627,876.1188359401923,884.0567872122143,75559
2023-10-10,877.1173706054688,888.4002158933197,872.224779712144,880.6619729338668,93947
2023-10-11,881.9100341796875,885.3548124230198,878.6649647077554,878.6649647077554,27301
2023-10-12,879.5636596679688,892.0946085680034,873.922206593709,881.9100702358108,116068
2023-10-13,882.8086547851562,887.5514484224786,876.6679607513893,880.9614249082432,294812
2023-10-16,880.2125854492188,887.7012071749099,871.7254808267688,887.4515864507201,120869
2023-10-17,848.8103637695312,889.9977870268486,845.9647116305972,888.4002386229848,528815
2023-10-18,850.0084838867188,862.6892289545394,846.5137937231298,856.6484195745619,280041
2023-10-19,848.2112426757812,859.6937962846941,845.2657058658522,851.0568946279221,223466
2023-10-20,849.9585571289062,853.7028679532626,845.7150048613023,852.4048523893309,64038
2023-10-23,847.86181640625,857.6469370704566,844.7165707551367,857.6469370704566,116818
2023-10-25,850.0584716796875,855.6999249669391,844.2672825090311,845.7150950373366,114702
2023-10-26,840.72265625,853.1537813486226,838.7256903206651,843.7181051440024,101198
2023-10-27,850.5077514648438,853.7029090439299,840.8224548111547,841.1719604037859,231875
2023-10-30,877.0174560546875,882.658908978919,848.2611598963753,850.507746485971,184163
2023-10-31,882.2095947265625,885.3548403834047,872.3246501269603,883.3578744914573,74770
2023-11-01,886.8026123046875,893.6421957949208,874.3215760505685,878.664952289978,142576
2023-11-02,905.5740966796875,914.6103549191428,884.6558673126207,894.6406965147947,414570
2023-11-03,904.5756225585938,916.5574177177537,897.286709358617,913.3622601534654,292620
2023-11-06,905.324462890625,912.912908597792,900.7314049583417,903.6270297622282,81985
2023-11-07,921.2503051757812,925.5936815698772,888.0007746566001,907.9205214161148,638447
2023-11-08,915.1595458984375,930.3864110567224,912.6134265358927,923.5967391090818,332638
2023-11-09,903.7268676757812,922.1488897619558,899.6331120755474,922.1488897619558,261496
2023-11-10,904.925048828125,908.6194477823454,894.7405109611734,902.62855032444,114175
2023-11-13,917.3062744140625,926.9915709648126,908.6693727449394,922.4983978070734,259273
2023-11-15,922.697998046875,926.5921056264232,913.7616250925632,923.2971243358753,150948
2023-11-16,930.9855346679688,934.0308955021796,920.4514907041696,923.5967363997455,263085
2023-11-17,930.1867065429688,943.3167819199921,922.5982603800717,931.0853655891957,321970
2023-11-20,931.3355712890625,934.432506159871,923.0936635785398,930.2366746511079,72069
2023-11-21,934.882080078125,938.0789534564207,927.5393139379903,932.1847162597103,221812
2023-11-22,937.3297119140625,939.7773210120669,931.4854743114288,938.0789762721073,146759
2023-11-23,942.2748413085938,945.1220213957619,933.9829948505105,938.1788263525925,195759
2023-11-24,949.0182495117188,951.0662265650413,939.327751604811,944.972234167293,284599
2023-11-28,954.5628051757812,956.9604755443609,945.6215715193697,953.0642764392416,766406
2023-11-29,963.204345703125,967.0505450718172,947.0701619091764,961.0564301230249,1117944
2023-11-30,985.6322631835938,992.0260100959797,956.1611984325048,971.0466080697807,820427
2023-12-01,1012.8056030273438,1018.6499016455134,987.9800015166147,988.0299402791037,318304
2023-12-04,1046.7222900390625,1051.9671404544335,1004.4637931731301,1019.4990188354695,412965
2023-12-05,1050.0191650390625,1058.4108286474968,1024.1944215004867,1050.9681844862641,446645
2023-12-06,1045.1239013671875,1058.4107828054478,1031.9867752399896,1049.7193650371917,355188
2023-12-07,1045.5235595703125,1048.9701269213929,1031.9868010569512,1045.1239275127975,95298
2023-12-08,1035.083740234375,1057.9613036746805,1031.9868051897497,1045.5235637573217,90379
2023-12-11,1061.6575927734375,1078.890672962391,1025.992658206096,1038.2806424254072,515782
2023-12-12,1056.5126953125,1064.9543579059152,1051.2678450507683,1061.5576685843932,486522
2023-12-13,1041.177734375,1058.360937338355,1030.0387681452332,1056.9622861046216,156383
2023-12-14,1032.0367431640625,1049.91908772109,1028.9896860900706,1041.1776704848878,103295
2023-12-15,1039.6292724609375,1042.3265753068938,1027.541165489253,1039.9789047631057,51881
2023-12-18,1030.48828125,1047.9711168504605,1026.0426946918305,1047.9711168504605,74451
2023-12-19,1030.63818359375,1038.9799695359648,1019.598972637196,1030.4883063234113,57606
2023-12-20,1020.5479736328125,1048.9700798974732,1011.0073531964217,1048.9700798974732,231412
2023-12-21,1021.596923828125,1028.8898121565592,1015.003422051371,1025.9926323294862,53011
2023-12-22,1007.5108032226562,1034.7840745393066,1000.5176692389591,1023.495109471107,497437
2023-12-26,994.97314453125,1035.3334820074062,989.0789070975237,1021.0475202154092,507466
2023-12-27,1010.6077270507812,1015.453006414215,991.0269765019469,996.0220721496382,311500
2023-12-28,1020.897705078125,1026.4421882516635,1009.0093526713855,1019.9985634430541,95268
2023-12-29,1051.0181884765625,1053.9652463092311,1004.0142867685094,1020.8977354833903,259259
2024-01-01,1071.447998046875,1078.94064138986,1043.72521767783,1048.9700680179196,427842
2024-01-02,1094.5753173828125,1098.7212710988251,1060.009280405203,1073.9455482746769,415086
2024-01-03,1089.9798583984375,1103.316739244932,1068.0513155693966,1096.0238508971172,338019
2024-01-04,1067.3021240234375,1105.2149753398025,1060.9583765762109,1098.9211056815743,257975
2024-01-05,1069.749755859375,1078.5410512193748,1050.9681470370363,1071.8975494739393,108094
2024-01-08,1052.8162841796875,1075.843723871845,1047.0220464047334,1069.000467231735,74652
2024-01-09,1017.3511352539062,1055.9632501043175,999.0191580930156,1050.9681543138524,158926
2024-01-10,957.95947265625,1018.3001918071018,951.0662162366879,1017.3511114340768,469567
2024-01-11,952.5647583007812,965.0025588973543,944.0730955366945,957.1102832323814,199954
2024-01-12,958.708740234375,968.1494223088597,946.7704493394382,952.5647481451584,157625
2024-01-15,958.708740234375,958.708740234375,958.708740234375,958.708740234375,0
2024-01-16,933.9330444335938,961.0065004605211,927.2396647909578,955.1122629816098,112668
2024-01-17,940.2268676757812,947.2200015046074,924.2925005421843,929.0877801154645,53275
2024-01-18,939.8272705078125,944.4727339708611,912.1544277062528,940.2269025601163,56131
2024-01-19,941.8253173828125,950.9663671285933,939.0780146802904,942.6245205193972,27291
2024-01-23,947.7694702148438,953.0642594612372,926.7900682770178,940.9761522586056,91904
2024-01-24,961.056396484375,964.0534538538689,933.2337382943552,948.0691478832348,64107
2024-01-25,963.553955078125,969.048560317036,945.8713042051172,968.0495411826886,67276
2024-01-29,929.0878295898438,966.5510485249181,924.0927337318338,966.5510485249181,562016
2024-01-30,920.3463745117188,952.8644350334658,918.99772307487,952.8644350334658,60249
2024-01-31,948.3688354492188,952.5647279351284,917.1994268078307,917.1994268078307,628253
2024-02-01,934.9820556640625,951.5158105569238,931.0858565523218,947.0701631025763,30999
2024-02-02,949.3678588867188,952.9643643089898,931.635269481582,936.9800583663314,46312
2024-02-05,914.4521484375,951.9653660489732,901.9644091461413,949.0681861432622,96963
2024-02-06,916.6500244140625,933.5334727251577,906.8596487732867,909.3072579273035,65820
2024-02-07,907.359130859375,929.087797081441,904.4120122112093,919.0476669531994,61726
2024-02-08,908.1583251953125,917.5990681404268,904.1123099260602,911.9545856828172,50785
2024-02-09,921.5951538085938,928.8879813130511,899.3170392503382,908.1583342219635,176904
2024-02-12,829.6354370117188,925.9408432013382,809.2554226568136,922.0946439951572,352648
2024-02-13,833.6315307617188,838.1271168765848,781.1830260882815,822.2426882139424,206318
2024-02-14,847.6177978515625,849.1662653167882,805.2593621091742,827.1878443321184,204192
2024-02-15,889.4766845703125,895.1211672135049,851.8636497876425,851.8636497876425,193108
2024-02-16,905.26123046875,913.9027095626359,892.3239202339432,893.5227554133795,173491
2024-02-19,922.4943237304688,931.0858641815122,894.3719097730674,905.1113658245172,162009
2024-02-20,912.4541015625,927.6891433545594,900.1661784105198,920.6960094172207,85656
2024-02-21,889.8263549804688,911.854714693369,879.1368380500298,911.854714693369,76496
2024-02-22,920.5462036132812,923.8928933598532,885.2308402424607,889.8263648959223,127316
2024-02-23,939.527587890625,944.0731129058543,919.0976337284507,924.0927295639314,115787
2024-02-26,940.7263793945312,960.5069457892761,936.4805481315686,945.7214749980168,117667
2024-02-27,952.0652465820312,954.0632848749631,936.9800818605115,936.9800818605115,53802
2024-02-28,953.3140258789062,956.460960598096,944.0730987221026,954.0632902429714,78045
2024-02-29,955.3619995117188,960.0574017047082,938.1289192001618,947.4697848237738,73351
2024-03-01,957.3101196289062,962.0554606862893,953.0642881565109,962.0554606862893,52904
2024-03-04,955.7616577148438,965.0525238550358,944.073121162535,944.073121162535,95672
2024-03-05,956.6107788085938,959.0583879311845,944.1230393824064,959.0583879311845,94269
2024-03-06,952.9143676757812,960.0573788072827,939.5774867515603,954.3130188404338,141854
2024-03-07,935.7313232421875,956.4109711322565,916.2504495672658,952.9144040623987,181166
2024-03-11,947.5696411132812,953.4638783474328,919.1974735417033,935.7312888590187,109518
2024-03-12,931.9849853515625,948.9683108273312,920.0966331284085,948.9683108273312,64098
2024-03-13,913.103515625,933.6832860071758,899.117247333151,931.9350024706947,111736
2024-03-14,922.8439331054688,928.58829317622,891.1250753234946,895.0712131323728,106695
2024-03-15,909.1573486328125,924.5922064130476,900.1661764472724,922.9938001924004,101447
2024-03-18,910.4560546875,919.0975945042038,901.1152502639042,905.9105298662597,38613
2024-03-19,898.7175903320312,914.0525706544046,894.1720654584077,908.0085170768201,83595
2024-03-20,889.676513671875,899.566827889719,888.1280461464305,898.0183603642745,31125
2024-03-21,891.7744750976562,904.6617856408384,886.1299924691515,891.7744750976562,79780
2024-03-22,886.92919921875,894.2220269012778,884.1319577621313,891.7744787362931,75899
2024-03-26,879.5364990234375,889.0771198733,869.1466752964441,885.3807367603144,53528
2024-03-27,862.25341796875,881.1349046003014,849.1662912814696,878.7372342112726,90042
2024-03-28,869.5962524414062,877.9380381564732,859.7059382259822,864.1515857465574,61827
2024-04-01,879.1368408203125,884.1319365067916,864.4013085451993,864.4013085451993,43082
2024-04-02,886.5296020507812,902.0143985954514,874.7911272507894,889.0770886421047,45918
2024-04-03,898.6177368164062,944.1729862437754,888.1280356084326,944.1230474807003,1004668
2024-04-04,893.9223022460938,898.3679495543199,887.1289843805795,896.6196660828492,90799
2024-04-05,892.3239135742188,897.918396402781,887.1290018189598,891.0751396414781,45035
2024-04-08,876.9889526367188,898.7676192892361,874.041894870014,892.3239334576533,92325
2024-04-09,873.4923706054688,884.0320714325967,870.1456808385136,884.0320714325967,76976
2024-04-10,876.93896484375,883.1328955369171,858.1574177219591,879.0868803259515,171961
2024-04-12,865.2005004882812,884.081986329485,831.9831146021072,874.141733846685,154804
2024-04-15,863.9517211914062,875.1407475098778,853.3122041681542,865.2004950891087,148963
2024-04-16,853.7117919921875,863.6021058462944,847.4179836192509,860.7049259566257,171438
2024-04-18,845.4699096679688,864.1515803042872,834.4307600568277,863.5521931936146,112371
2024-04-19,879.2367553710938,887.9282344266481,825.7892292749402,839.1761106685794,337967
2024-04-22,850.6148681640625,909.3072432749663,835.0801325638089,889.1270442332656,233062
2024-04-23,842.0232543945312,855.8097672516778,836.179016838998,853.1623421511401,176770
2024-04-24,839.1261596679688,844.1212554919638,833.1320446791749,840.874443206367,122193
2024-04-25,838.3269653320312,844.1212643536363,834.1810113644744,839.325984507318,124005
2024-04-26,839.7255249023438,847.6178004887827,834.6804904465874,834.6804904465874,181399
2024-04-29,830.5845336914062,844.3709855670218,824.240725595452,844.1711695448527,245028
2024-04-30,831.7333984375,838.6765938694764,827.187873405511,829.5855438054986,106395
2024-05-02,834.9801635742188,839.1760560495238,827.7872137558795,838.1770369351792,73266
2024-05-03,833.8313598632812,844.2211224621017,830.1849155672442,835.1300725662226,131431
2024-05-06,829.6354370117188,839.2259961344461,827.6373987798767,839.1261186129691,58747
2024-05-07,808.2064819335938,831.1839220874537,800.4141448590817,829.2857613368018,152228
2024-05-08,803.0115966796875,814.0008075500808,795.2192593484667,808.2065085589317,191213
2024-05-09,793.9205322265625,803.2113981443684,784.2300342578723,803.0115821189263,80962
2024-05-10,787.9763793945312,794.2202492787985,781.4827547148933,791.7227013250916,43548
2024-05-13,787.626708984375,791.1232759504835,775.2388473429038,787.9763412908703,84804
2024-05-14,787.127197265625,790.3240097028095,783.2809370282488,787.6267068308462,84473
2024-05-15,791.472900390625,800.0145016993097,785.8284179541771,789.5248009052401,51984
2024-05-16,783.4807739257812,793.9704750749311,780.4837164545957,789.2251340788871,61124
2024-05-17,789.5248413085938,794.2202436231854,779.734465594838,783.6806035286529,108116
2024-05-21,784.3298950195312,788.2260940188654,758.2555201017983,779.2349218437453,156930
2024-05-22,777.3367919921875,793.1712824260443,769.7442706882987,791.2231828489715,68054
2024-05-23,771.3926391601562,781.2329531181402,770.0439267607768,781.1830143571162,66487
2024-05-24,762.1517333984375,776.6874498258347,760.2535726246332,776.18794025118,87480
2024-05-27,762.20166015625,770.1438744632305,759.2545415171454,770.1438744632305,54025
2024-05-28,760.7530517578125,764.9489442120727,758.7550135391446,764.9489442120727,55014
2024-05-29,760.6032104492188,769.2447505434923,755.9578079564354,764.1997159979729,104238
2024-05-30,762.701171875,769.0449190009857,755.3084058755693,761.252581932171,49589
2024-05-31,761.9019775390625,769.0948666237391,753.0106827326015,769.0948666237391,40943
2024-06-03,773.1908569335938,776.1379755205096,757.4563058584184,769.5943515312381,185005
2024-06-04,739.87353515625,774.7393268001705,724.3388000505435,774.7393268001705,88225
2024-06-05,773.9901123046875,778.036127802219,719.6934440794319,744.2692915998608,119742
2024-06-06,770.943115234375,775.6884563506595,767.8461191838352,773.2408471587808,881953
